,SVC,K-NN,extra_trees
mean,0.40984795,0.726305839,0.792422772
std,0.077975171,0.058503432,0.065689108